Compound,Concentration
C00001,0.9
C00011,0.053
C00237,0.044
C00282,0.39
C00067,0.0031
C00132,0.00015
C06548,0.0007
C00469,0.0003
C00283,0.000021
C00014,0.0082
C00697,0.011
C01326,0.0074
C01438,0.0091
C01548,0.0033
C06547,0.012
C11505,0.0017
C11505,0.0014
C20783,0.0014
C01407,0.000081
